,qasrl_id,verb_idx,verb,question,answer,answer_range,verb_form,wh,aux,subj,obj,prep,obj2,is_negated,is_passive,sentence,key
20,Wiki1k:wikinews:1329850:0:0,2,teacher,where did someone teach?,"at the secondary school~!~Leeds, West Yorkshire, England",9:13~!~17:23,teach,where,did,someone,_,_,_,False,,"A female teacher was fatally stabbed late Monday morning at the secondary school she taught in at Leeds , West Yorkshire , England , in front of students .",Wiki1k:wikinews:1329850:0:0_2
21,Wiki1k:wikinews:1329850:0:0,2,teacher,where did someone teach?,in front of students,24:28,teach,where,did,someone,_,_,_,False,,"A female teacher was fatally stabbed late Monday morning at the secondary school she taught in at Leeds , West Yorkshire , England , in front of students .",Wiki1k:wikinews:1329850:0:0_2
63,Wiki1k:wikinews:1447627:4:0,11,competition,where did someone compete in something?,Summer Paralympics,4:6,compete,where,did,someone,_,in,something,False,,"Absent from the 2012 Summer Paralympics , the last major international competition the team competed in was the 2010 Goalball World Championships in Sheffield , England where the team finished fifth .",Wiki1k:wikinews:1447627:4:0_11
66,Wiki1k:wikinews:1447627:4:0,11,competition,where did someone compete in something?,"Sheffield, England",23:26,compete,where,did,someone,_,in,something,False,,"Absent from the 2012 Summer Paralympics , the last major international competition the team competed in was the 2010 Goalball World Championships in Sheffield , England where the team finished fifth .",Wiki1k:wikinews:1447627:4:0_11
167,Wiki1k:wikinews:1435038:1:1,22,jail,when was someone jailed?,March 2007,17:19,jailed,when,was,someone,_,_,_,False,,"Connections were drawn between Coleman and Jacksonville Police Officer Larry Pugh , who was later sentenced in March 2007 to a twelve-year jail term for sex assault while on duty and retaliation against a witness .",Wiki1k:wikinews:1435038:1:1_22
169,Wiki1k:wikinews:1435038:1:1,22,jail,when was someone jailed?,while on duty,29:32,jailed,when,was,someone,_,_,_,False,,"Connections were drawn between Coleman and Jacksonville Police Officer Larry Pugh , who was later sentenced in March 2007 to a twelve-year jail term for sex assault while on duty and retaliation against a witness .",Wiki1k:wikinews:1435038:1:1_22
361,Wiki1k:wikinews:1538518:1:1,4,lead,when did someone lead?,early,3:4,lead,when,did,someone,_,_,_,False,,Noosa took an early lead after eleven minutes through an unconverted try .,Wiki1k:wikinews:1538518:1:1_4
362,Wiki1k:wikinews:1538518:1:1,4,lead,when did someone lead?,after eleven minutes through an unconverted try,5:12,lead,when,did,someone,_,_,_,False,,Noosa took an early lead after eleven minutes through an unconverted try .,Wiki1k:wikinews:1538518:1:1_4
369,Wiki1k:wikinews:1140689:0:0,6,pollution,where did someone pollute something?,France,2:3,pollute,where,did,someone,something,_,_,False,,"Officials in France have issued a pollution alert after an unladen freighter grounded on a breakwater at Anglet , Basque yesterday .",Wiki1k:wikinews:1140689:0:0_6
370,Wiki1k:wikinews:1140689:0:0,6,pollution,when did someone pollute something?,after an unladen freighter grounded on a breakwater,8:16,pollute,when,did,someone,something,_,_,False,,"Officials in France have issued a pollution alert after an unladen freighter grounded on a breakwater at Anglet , Basque yesterday .",Wiki1k:wikinews:1140689:0:0_6
371,Wiki1k:wikinews:1140689:0:0,6,pollution,where did someone pollute something?,"Anglet, Basque",17:20,pollute,where,did,someone,something,_,_,False,,"Officials in France have issued a pollution alert after an unladen freighter grounded on a breakwater at Anglet , Basque yesterday .",Wiki1k:wikinews:1140689:0:0_6
372,Wiki1k:wikinews:1140689:0:0,6,pollution,when did someone pollute something?,yesterday,20:21,pollute,when,did,someone,something,_,_,False,,"Officials in France have issued a pollution alert after an unladen freighter grounded on a breakwater at Anglet , Basque yesterday .",Wiki1k:wikinews:1140689:0:0_6
374,Wiki1k:wikinews:1140689:0:0,7,alert,where did someone alert someone?,France,2:3,alert,where,did,someone,someone,_,_,False,,"Officials in France have issued a pollution alert after an unladen freighter grounded on a breakwater at Anglet , Basque yesterday .",Wiki1k:wikinews:1140689:0:0_7
376,Wiki1k:wikinews:1140689:0:0,7,alert,when did someone alert someone?,after an unladen freighter grounded on a breakwater,8:16,alert,when,did,someone,someone,_,_,False,,"Officials in France have issued a pollution alert after an unladen freighter grounded on a breakwater at Anglet , Basque yesterday .",Wiki1k:wikinews:1140689:0:0_7
377,Wiki1k:wikinews:1140689:0:0,7,alert,where did someone alert someone?,"Anglet, Basque",17:20,alert,where,did,someone,someone,_,_,False,,"Officials in France have issued a pollution alert after an unladen freighter grounded on a breakwater at Anglet , Basque yesterday .",Wiki1k:wikinews:1140689:0:0_7
378,Wiki1k:wikinews:1140689:0:0,7,alert,when did someone alert someone?,yesterday,20:21,alert,when,did,someone,someone,_,_,False,,"Officials in France have issued a pollution alert after an unladen freighter grounded on a breakwater at Anglet , Basque yesterday .",Wiki1k:wikinews:1140689:0:0_7
398,Wiki1k:wikinews:1491471:1:0,15,firing,who fired?,a citizen of Pakistan,6:10,fired,who,_,_,_,_,_,False,,"On Sunday , July 20 , a citizen of Pakistan was killed in a cross-border firing by India 's BSF .",Wiki1k:wikinews:1491471:1:0_15
400,Wiki1k:wikinews:1491471:1:0,15,firing,who fired?,BSF~!~India,21:22~!~19:20,fired,who,_,_,_,_,_,False,,"On Sunday , July 20 , a citizen of Pakistan was killed in a cross-border firing by India 's BSF .",Wiki1k:wikinews:1491471:1:0_15
436,Wiki1k:wikinews:1490033:0:0,5,names,when was something named?,every year,9:11,named,when,was,something,_,_,_,False,,"RBI is to reveal the names of the banks every year in August , starting from 2015 .",Wiki1k:wikinews:1490033:0:0_5
437,Wiki1k:wikinews:1490033:0:0,5,names,when was something named?,starting from 2015,14:17,named,when,was,something,_,_,_,False,,"RBI is to reveal the names of the banks every year in August , starting from 2015 .",Wiki1k:wikinews:1490033:0:0_5
483,Wiki1k:wikinews:1498647:0:0,38,wins,what did someone win?,NASCAR Sprint Cup Series season,14:19,win,what,did,someone,_,_,_,False,,"Starting the race in second , Gordon won his second race of the 2014 NASCAR Sprint Cup Series season , and his fifth at the track , breaking a tie with teammate Jimmie Johnson for the most event wins , while tying Formula One driver Michael Schumacher for the most wins at the track .",Wiki1k:wikinews:1498647:0:0_38
484,Wiki1k:wikinews:1498647:0:0,38,wins,what did someone win?,event,37:38,win,what,did,someone,_,_,_,False,,"Starting the race in second , Gordon won his second race of the 2014 NASCAR Sprint Cup Series season , and his fifth at the track , breaking a tie with teammate Jimmie Johnson for the most event wins , while tying Formula One driver Michael Schumacher for the most wins at the track .",Wiki1k:wikinews:1498647:0:0_38
487,Wiki1k:wikinews:1773445:3:0,5,Test,when was someone tested somewhere?,New Year's Test,2:6,tested,when,was,someone,_,_,somewhere,False,,Sydney 's New Year 's Test has been delayed to begin January 6 .,Wiki1k:wikinews:1773445:3:0_5
488,Wiki1k:wikinews:1773445:3:0,5,Test,when was someone tested somewhere?,January 6,11:13,tested,when,was,someone,_,_,somewhere,False,,Sydney 's New Year 's Test has been delayed to begin January 6 .,Wiki1k:wikinews:1773445:3:0_5
492,Wiki1k:wikinews:1140689:1:2,22,load,what might load something?,The 100-metre ship,0:5,load,what,might,_,something,_,_,False,,The 100-metre ship was en route to pick up its usual fertiliser cargo and initially officials feared the vessel could spill a load .,Wiki1k:wikinews:1140689:1:2_22
494,Wiki1k:wikinews:1140689:1:2,22,load,what might load something?,the vessel,19:21,load,what,might,_,something,_,_,False,,The 100-metre ship was en route to pick up its usual fertiliser cargo and initially officials feared the vessel could spill a load .,Wiki1k:wikinews:1140689:1:2_22
520,Wiki1k:wikinews:1527142:0:0,22,asphyxiation,who was asphyxiated?,Robin Williams~!~The US comedy actor,4:6~!~0:4,asphyxiated,who,was,_,_,_,_,False,,"The US comedy actor Robin Williams was found dead yesterday by the Marin County , California Sheriff 's Office , apparently by asphyxiation .",Wiki1k:wikinews:1527142:0:0_22
522,Wiki1k:wikinews:1527142:0:0,22,asphyxiation,who was asphyxiated?,"the Marin County, California Sheriff's Office",11:19,asphyxiated,who,was,_,_,_,_,False,,"The US comedy actor Robin Williams was found dead yesterday by the Marin County , California Sheriff 's Office , apparently by asphyxiation .",Wiki1k:wikinews:1527142:0:0_22
551,Wiki1k:wikinews:1329850:1:0,28,school,where was someone schooled?,in the secondary school~!~Corpus Christi Catholic College,25:29~!~29:33,schooled,where,was,someone,_,_,_,False,,"The female teacher , Ann Maguire , 61 , was stabbed in front of her class of 30 while teaching a Year 11 Spanish lesson in the secondary school Corpus Christi Catholic College on the outskirts of Leeds .",Wiki1k:wikinews:1329850:1:0_28
552,Wiki1k:wikinews:1329850:1:0,28,school,where was someone schooled?,Leeds,37:38,schooled,where,was,someone,_,_,_,False,,"The female teacher , Ann Maguire , 61 , was stabbed in front of her class of 30 while teaching a Year 11 Spanish lesson in the secondary school Corpus Christi Catholic College on the outskirts of Leeds .",Wiki1k:wikinews:1329850:1:0_28
750,Wiki1k:wikinews:1842580:0:3,4,police,who polices?,A member of the police,0:5,polices,who,_,_,_,_,_,False,,A member of the police said after leaving the scene the attackers drove to the northeastern suburbs of Paris where they abandoned their vehicle and hijacked another car .,Wiki1k:wikinews:1842580:0:3_4
752,Wiki1k:wikinews:1842580:0:3,4,police,who polices?,the attackers,10:12,polices,who,_,_,_,_,_,False,,A member of the police said after leaving the scene the attackers drove to the northeastern suburbs of Paris where they abandoned their vehicle and hijacked another car .,Wiki1k:wikinews:1842580:0:3_4
760,Wiki1k:wikinews:1823406:11:0,19,speed,how did something speed?,"ascending through 36,000 ft",12:16,speed,how,did,something,_,_,_,False,,"A screenshot apparently leaked from an ATC radar screen shows the flight ascending through 36,000 ft with a ground speed of 353knts .",Wiki1k:wikinews:1823406:11:0_19
761,Wiki1k:wikinews:1823406:11:0,19,speed,how did something speed?,with a ground speed of 353knts,16:22,speed,how,did,something,_,_,_,False,,"A screenshot apparently leaked from an ATC radar screen shows the flight ascending through 36,000 ft with a ground speed of 353knts .",Wiki1k:wikinews:1823406:11:0_19
902,Wiki1k:wikinews:518237:4:0,18,respect,who did someone respect?,I,15:16,respect,who,did,someone,_,_,_,False,,"Following the game , Australia 's Amber Merritt said of playing Canada , `` I have the utmost respect for Canada .",Wiki1k:wikinews:518237:4:0_18
903,Wiki1k:wikinews:518237:4:0,18,respect,who did someone respect?,Canada,11:12,respect,who,did,someone,_,_,_,False,,"Following the game , Australia 's Amber Merritt said of playing Canada , `` I have the utmost respect for Canada .",Wiki1k:wikinews:518237:4:0_18
906,Wiki1k:wikinews:593259:3:2,3,command,when did someone command something?,after in a change of command ceremony,7:14,command,when,did,someone,something,_,_,False,,Ford was passed command of the ISS after in a change of command ceremony on Saturday .,Wiki1k:wikinews:593259:3:2_3
907,Wiki1k:wikinews:593259:3:2,3,command,when did someone command something?,on Saturday,14:16,command,when,did,someone,something,_,_,False,,Ford was passed command of the ISS after in a change of command ceremony on Saturday .,Wiki1k:wikinews:593259:3:2_3
963,Wiki1k:wikinews:635750:0:0,12,bus,where was someone bussed?,school bus,11:13,bussed,where,was,someone,_,_,_,False,,"In October , Yousafzai was shot by Taliban forces on a school bus in Mingora , Swat District , Pakistan .",Wiki1k:wikinews:635750:0:0_12
964,Wiki1k:wikinews:635750:0:0,12,bus,where was someone bussed?,"Mingora, Swat District, Pakistan",14:20,bussed,where,was,someone,_,_,_,False,,"In October , Yousafzai was shot by Taliban forces on a school bus in Mingora , Swat District , Pakistan .",Wiki1k:wikinews:635750:0:0_12
968,Wiki1k:wikinews:614764:0:1,1,relation,what was something related to?,complaints about alleged events,3:7,related,what,was,something,_,to,_,False,,"In relation to complaints about alleged events between 1974 and 1984 involving three females between eight and seventeen years of age , Hall was charged with three counts of indecent assault after being arrested Wednesday .",Wiki1k:wikinews:614764:0:1_1
971,Wiki1k:wikinews:614764:0:1,1,relation,what was something related to?,Hall was charged with three counts of indecent assault after being arrested Wednesday,22:35,related,what,was,something,_,to,_,False,,"In relation to complaints about alleged events between 1974 and 1984 involving three females between eight and seventeen years of age , Hall was charged with three counts of indecent assault after being arrested Wednesday .",Wiki1k:wikinews:614764:0:1_1
1085,Wiki1k:wikinews:2171912:0:0,20,murder,who was murdered?,59-year-old Francis John Wark,11:19,murdered,who,was,_,_,_,_,False,,Police in Western Australia revealed Monday they have reason to believe 59-year-old Francis John Wark was involved in the alleged murder of Hayley Marie Dodd .,Wiki1k:wikinews:2171912:0:0_20
1086,Wiki1k:wikinews:2171912:0:0,20,murder,who was murdered?,Hayley Marie Dodd,26:29,murdered,who,was,_,_,_,_,False,,Police in Western Australia revealed Monday they have reason to believe 59-year-old Francis John Wark was involved in the alleged murder of Hayley Marie Dodd .,Wiki1k:wikinews:2171912:0:0_20
1092,Wiki1k:wikinews:1987211:0:1,15,diagnosis,what was someone diagnosed with?,a rare form of Alzheimer's,4:10,diagnosed,what,was,someone,_,with,_,False,,"Pratchett was diagnosed with a rare form of Alzheimer 's in 2007 , following his diagnosis he donated to Alzheimer 's charities and became a public face of the disease",Wiki1k:wikinews:1987211:0:1_15
1094,Wiki1k:wikinews:1987211:0:1,15,diagnosis,what was someone diagnosed with?,he donated to Alzheimer's charities,16:22,diagnosed,what,was,someone,_,with,_,False,,"Pratchett was diagnosed with a rare form of Alzheimer 's in 2007 , following his diagnosis he donated to Alzheimer 's charities and became a public face of the disease",Wiki1k:wikinews:1987211:0:1_15
1105,Wiki1k:wikinews:1823406:3:4,0,Searches,when is something searched?,presently,2:3,searched,when,is,something,_,_,_,False,,Searches are presently suspended until morning .,Wiki1k:wikinews:1823406:3:4_0
1107,Wiki1k:wikinews:1823406:3:4,0,Searches,when is something searched?,until morning,4:6,searched,when,is,something,_,_,_,False,,Searches are presently suspended until morning .,Wiki1k:wikinews:1823406:3:4_0
1133,Wiki1k:wikinews:614764:2:1,13,trial,where will someone tried?,Stating Hall,0:2,tried,where,will,someone,_,_,_,False,,"Stating Hall was innocent , Straw explained : `` There will be a trial and his defence will then be in the public domain . ''",Wiki1k:wikinews:614764:2:1_13
1135,Wiki1k:wikinews:614764:2:1,13,trial,where will someone tried?,in the public domain,21:25,tried,where,will,someone,_,_,_,False,,"Stating Hall was innocent , Straw explained : `` There will be a trial and his defence will then be in the public domain . ''",Wiki1k:wikinews:614764:2:1_13
1169,Wiki1k:wikinews:1823406:3:0,11,Rescue,who is rescuing someone?,The Indonesian Navy~!~police forces,0:3~!~4:6,rescuing,who,is,_,someone,_,_,False,,"The Indonesian Navy , police forces , and National Search and Rescue Agency are focusing on an area 20 nautical miles from East Belitung .",Wiki1k:wikinews:1823406:3:0_11
1170,Wiki1k:wikinews:1823406:3:0,11,Rescue,who is rescuing someone?,National Search and Rescue Agency,8:13,rescuing,who,is,_,someone,_,_,False,,"The Indonesian Navy , police forces , and National Search and Rescue Agency are focusing on an area 20 nautical miles from East Belitung .",Wiki1k:wikinews:1823406:3:0_11
1322,Wiki1k:wikinews:516949:3:2,8,play,when will someone play something?,tomorrow,9:10,play,when,will,someone,something,_,_,False,,They will play their second match of pool play tomorrow when they face the Netherlands .,Wiki1k:wikinews:516949:3:2_8
1323,Wiki1k:wikinews:516949:3:2,8,play,when will someone play something?,when they face the Netherlands,10:15,play,when,will,someone,something,_,_,False,,They will play their second match of pool play tomorrow when they face the Netherlands .,Wiki1k:wikinews:516949:3:2_8
1334,Wiki1k:wikinews:593029:3:0,19,target,who was targeted?,international journalists,6:8,targeted,who,was,_,_,_,_,False,,"Though the IDF admits they knew international journalists were inside the building , a spokesperson denies they were the target saying , `` Hamas took a civilian building and used it for its own needs .",Wiki1k:wikinews:593029:3:0_19
1336,Wiki1k:wikinews:593029:3:0,19,target,who was targeted?,Hamas,24:25,targeted,who,was,_,_,_,_,False,,"Though the IDF admits they knew international journalists were inside the building , a spokesperson denies they were the target saying , `` Hamas took a civilian building and used it for its own needs .",Wiki1k:wikinews:593029:3:0_19
1495,Wiki1k:wikinews:736793:0:0,22,themes,what was themed something?,Women in League,13:16,themed,what,was,_,something,_,_,False,,"Australia 's National Rugby League ( NRL ) is to celebrate `` Women in League '' week , starting yesterday , with themes including sons , raising funds for breast cancer support , and club-related specials to encourage women to attend rugby league games .",Wiki1k:wikinews:736793:0:0_22
1497,Wiki1k:wikinews:736793:0:0,22,themes,what was themed something?,raising funds for breast cancer support~!~club-related specials to encourage women to attend rugby league games~!~sons,27:33~!~35:47~!~25:26,themed,what,was,_,something,_,_,False,,"Australia 's National Rugby League ( NRL ) is to celebrate `` Women in League '' week , starting yesterday , with themes including sons , raising funds for breast cancer support , and club-related specials to encourage women to attend rugby league games .",Wiki1k:wikinews:736793:0:0_22
1509,Wiki1k:wikinews:684866:1:1,22,ranking,how was someone ranked?,overall,21:22,ranked,how,was,someone,_,_,_,False,,"Because teammate Úrsula Pueyo had a faster time of 20.32 , Carpanedo 's time was not used in tabulating Spain 's overall ranking as only one time by a female skier was required .",Wiki1k:wikinews:684866:1:1_22
1510,Wiki1k:wikinews:684866:1:1,22,ranking,how was someone ranked?,as only one time by a female skier was required,23:33,ranked,how,was,someone,_,_,_,False,,"Because teammate Úrsula Pueyo had a faster time of 20.32 , Carpanedo 's time was not used in tabulating Spain 's overall ranking as only one time by a female skier was required .",Wiki1k:wikinews:684866:1:1_22
1528,Wiki1k:wikinews:761179:0:2,6,park,where was something parked?,below,7:8,parked,where,was,something,_,_,_,False,,Buses took viewers from the car park below to top of the dam wall .,Wiki1k:wikinews:761179:0:2_6
1529,Wiki1k:wikinews:761179:0:2,6,park,where was something parked?,to top of the dam wall,8:14,parked,where,was,something,_,_,_,False,,Buses took viewers from the car park below to top of the dam wall .,Wiki1k:wikinews:761179:0:2_6
1653,Wiki1k:wikinews:703961:1:2,31,deposit,who wouldn't deposit something?,mortgage lenders,12:14,deposit,who,wouldn't,_,something,_,_,True,,"He also offered a new Mortgage Guarantee , created in conjunction with mortgage lenders -- the scheme would allow them to offer loans to homeowners without the need for a large deposit and offer guarantees to support up to # 130bn of lending for three years beginning in 2014 .",Wiki1k:wikinews:703961:1:2_31
1655,Wiki1k:wikinews:703961:1:2,31,deposit,who wouldn't deposit something?,homeowners,24:25,deposit,who,wouldn't,_,something,_,_,True,,"He also offered a new Mortgage Guarantee , created in conjunction with mortgage lenders -- the scheme would allow them to offer loans to homeowners without the need for a large deposit and offer guarantees to support up to # 130bn of lending for three years beginning in 2014 .",Wiki1k:wikinews:703961:1:2_31
1667,Wiki1k:wikinews:686372:3:2,8,result,what resulted in something?,the Conservative Party,11:14,resulted,what,_,_,_,in,something,False,,"He said , `` It is a disappointing result for the Conservative Party , but it is clear that , in mid-term by-elections , people want to register a protest '' .",Wiki1k:wikinews:686372:3:2_8
1669,Wiki1k:wikinews:686372:3:2,8,result,what resulted in something?,people want to register a protest,29:35,resulted,what,_,_,_,in,something,False,,"He said , `` It is a disappointing result for the Conservative Party , but it is clear that , in mid-term by-elections , people want to register a protest '' .",Wiki1k:wikinews:686372:3:2_8
1695,Wiki1k:wikinews:684866:2:3,10,finish,where did someone finish?,in tenth,11:13,finish,where,did,someone,_,_,_,False,,"Her other race , the Giant Slalom , saw her finish in tenth in the women 's sitting group with a combined run time of 4:41.30 , 2:11.60 minutes slower than first place finisher Austrian Claudia Loesch and 1:09.02 minutes slower than the ninth place finisher Gyöngyi Dani of Hungary .",Wiki1k:wikinews:684866:2:3_10
1696,Wiki1k:wikinews:684866:2:3,10,finish,where did someone finish?,in the women's sitting group,13:19,finish,where,did,someone,_,_,_,False,,"Her other race , the Giant Slalom , saw her finish in tenth in the women 's sitting group with a combined run time of 4:41.30 , 2:11.60 minutes slower than first place finisher Austrian Claudia Loesch and 1:09.02 minutes slower than the ninth place finisher Gyöngyi Dani of Hungary .",Wiki1k:wikinews:684866:2:3_10
1732,Wiki1k:wikinews:679436:0:1,3,forecast,what was forecast?,winter,2:3,forecast,what,was,_,_,_,_,False,,"In its winter forecast , the European Commission stated the economy of the Eurozone , which consists of 17 countries , is projected to shrink by 0.3 % this year .",Wiki1k:wikinews:679436:0:1_3
1734,Wiki1k:wikinews:679436:0:1,3,forecast,what was forecast?,"the economy of the Eurozone, which consists of 17 countries, is projected to shrink by 0.3 % this year",9:30,forecast,what,was,_,_,_,_,False,,"In its winter forecast , the European Commission stated the economy of the Eurozone , which consists of 17 countries , is projected to shrink by 0.3 % this year .",Wiki1k:wikinews:679436:0:1_3
1799,Wiki1k:wikinews:721315:3:1,22,boycott,who might boycotted?,Members of the right wing UMP,0:6,boycotted,who,might,_,_,_,_,False,,"Members of the right wing UMP have responded to the change with outrage , with UMP politician Hervé Mariton calling for a boycott .",Wiki1k:wikinews:721315:3:1_22
1801,Wiki1k:wikinews:721315:3:1,22,boycott,who might boycotted?,Hervé Mariton~!~UMP politician,17:19~!~15:17,boycotted,who,might,_,_,_,_,False,,"Members of the right wing UMP have responded to the change with outrage , with UMP politician Hervé Mariton calling for a boycott .",Wiki1k:wikinews:721315:3:1_22
1805,Wiki1k:wikinews:703961:6:2,10,cut,who might cut something?,Millionaires,0:1,cut,who,might,_,something,_,_,False,,"Millionaires are days away from getting a # 40,000 tax cut from the Tories , but George Osborne is using the budget to attack hard-working public sector workers .",Wiki1k:wikinews:703961:6:2_10
1807,Wiki1k:wikinews:703961:6:2,10,cut,who might cut something?,Tories,13:14,cut,who,might,_,something,_,_,False,,"Millionaires are days away from getting a # 40,000 tax cut from the Tories , but George Osborne is using the budget to attack hard-working public sector workers .",Wiki1k:wikinews:703961:6:2_10
2064,Wiki1k:wikinews:784189:2:0,13,intervention,who might intervene?,nine Liberal Democrats~!~Thirty Conservative MPs,4:7~!~0:3,intervene,who,might,_,_,_,_,False,,Thirty Conservative MPs and nine Liberal Democrats voted against their party against military intervention .,Wiki1k:wikinews:784189:2:0_13
2065,Wiki1k:wikinews:784189:2:0,13,intervention,who might intervene?,their party,9:11,intervene,who,might,_,_,_,_,False,,Thirty Conservative MPs and nine Liberal Democrats voted against their party against military intervention .,Wiki1k:wikinews:784189:2:0_13
2078,Wiki1k:wikinews:722801:2:0,22,protests,where did someone protest?,George Square~!~Glasgow,11:13~!~14:15,protest,where,did,someone,_,_,_,False,,"This follows a demonstration by around 2000 people on Saturday at George Square in Glasgow , and comes during three days of protests organised by Scrap Trident in Scotland .",Wiki1k:wikinews:722801:2:0_22
2080,Wiki1k:wikinews:722801:2:0,22,protests,where did someone protest?,Scotland,28:29,protest,where,did,someone,_,_,_,False,,"This follows a demonstration by around 2000 people on Saturday at George Square in Glasgow , and comes during three days of protests organised by Scrap Trident in Scotland .",Wiki1k:wikinews:722801:2:0_22
2085,Wiki1k:wikinews:761179:1:1,17,warming,why did something warm somewhere?,droughts become more frequent,10:14,warm,why,did,something,_,_,somewhere,False,,This is to provide water security for the city as droughts become more frequent due to global warming .,Wiki1k:wikinews:761179:1:1_17
2086,Wiki1k:wikinews:761179:1:1,17,warming,why did something warm somewhere?,global warming,16:18,warm,why,did,something,_,_,somewhere,False,,This is to provide water security for the city as droughts become more frequent due to global warming .,Wiki1k:wikinews:761179:1:1_17
2106,Wiki1k:wikinews:684866:0:0,13,run,when did someone run somewhere?,Wednesday,0:1,run,when,did,someone,_,_,somewhere,False,,"Wednesday , Spanish LW10-2 classified sit skier Nathalie Carpanedo finished her wild card run at the IPC Alpine World Championships competing as a member of the Spanish team in the international team friendly held the day after the closing ceremonies for the World Championships .",Wiki1k:wikinews:684866:0:0_13
2110,Wiki1k:wikinews:684866:0:0,13,run,when did someone run somewhere?,the day after the closing ceremonies for the World Championships,36:46,run,when,did,someone,_,_,somewhere,False,,"Wednesday , Spanish LW10-2 classified sit skier Nathalie Carpanedo finished her wild card run at the IPC Alpine World Championships competing as a member of the Spanish team in the international team friendly held the day after the closing ceremonies for the World Championships .",Wiki1k:wikinews:684866:0:0_13
2120,Wiki1k:wikinews:677990:0:0,24,competition,what did someone compete in?,the 2013 IPC World Championships,13:18,compete,what,did,someone,_,in,_,False,,"With the first day of racing completed earlier today in La Molina for the 2013 IPC World Championships , the Spanish team started the competition with a first and fifth place finish in the downhill event in the men 's visually impaired group .",Wiki1k:wikinews:677990:0:0_24
2122,Wiki1k:wikinews:677990:0:0,24,competition,what did someone compete in?,the downhill event,33:36,compete,what,did,someone,_,in,_,False,,"With the first day of racing completed earlier today in La Molina for the 2013 IPC World Championships , the Spanish team started the competition with a first and fifth place finish in the downhill event in the men 's visually impaired group .",Wiki1k:wikinews:677990:0:0_24
2126,Wiki1k:wikinews:677990:0:0,31,finish,where did someone finish in something?,La Molina,10:12,finish,where,did,someone,_,in,something,False,,"With the first day of racing completed earlier today in La Molina for the 2013 IPC World Championships , the Spanish team started the competition with a first and fifth place finish in the downhill event in the men 's visually impaired group .",Wiki1k:wikinews:677990:0:0_31
2127,Wiki1k:wikinews:677990:0:0,31,finish,what did someone finish in?,the 2013 IPC World Championships,13:18,finish,what,did,someone,_,in,_,False,,"With the first day of racing completed earlier today in La Molina for the 2013 IPC World Championships , the Spanish team started the competition with a first and fifth place finish in the downhill event in the men 's visually impaired group .",Wiki1k:wikinews:677990:0:0_31
2129,Wiki1k:wikinews:677990:0:0,31,finish,what did someone finish in?,the downhill event,33:36,finish,what,did,someone,_,in,_,False,,"With the first day of racing completed earlier today in La Molina for the 2013 IPC World Championships , the Spanish team started the competition with a first and fifth place finish in the downhill event in the men 's visually impaired group .",Wiki1k:wikinews:677990:0:0_31
2130,Wiki1k:wikinews:677990:0:0,31,finish,where did someone finish in something?,in the men's visually impaired group,36:43,finish,where,did,someone,_,in,something,False,,"With the first day of racing completed earlier today in La Molina for the 2013 IPC World Championships , the Spanish team started the competition with a first and fifth place finish in the downhill event in the men 's visually impaired group .",Wiki1k:wikinews:677990:0:0_31
2164,Wiki1k:wikinews:844279:28:3,17,evacuation,when did someone evacuate somewhere?,After Katrina,0:2,evacuate,when,did,someone,_,_,somewhere,False,,"After Katrina , when another powerful hurricane called Rita approached the same region in September 2005 , evacuation warnings were taken very seriously .",Wiki1k:wikinews:844279:28:3_17
2166,Wiki1k:wikinews:844279:28:3,17,evacuation,when did someone evacuate somewhere?,September 2005,14:16,evacuate,when,did,someone,_,_,somewhere,False,,"After Katrina , when another powerful hurricane called Rita approached the same region in September 2005 , evacuation warnings were taken very seriously .",Wiki1k:wikinews:844279:28:3_17
2167,Wiki1k:wikinews:844279:28:3,18,warnings,when was someone warned?,After Katrina,0:2,warned,when,was,someone,_,_,_,False,,"After Katrina , when another powerful hurricane called Rita approached the same region in September 2005 , evacuation warnings were taken very seriously .",Wiki1k:wikinews:844279:28:3_18
2170,Wiki1k:wikinews:844279:28:3,18,warnings,when was someone warned?,September 2005,14:16,warned,when,was,someone,_,_,_,False,,"After Katrina , when another powerful hurricane called Rita approached the same region in September 2005 , evacuation warnings were taken very seriously .",Wiki1k:wikinews:844279:28:3_18
2203,Wiki1k:wikinews:844279:31:2,17,flood,when will something flood something?,As the storm moved inland,0:5,flood,when,will,something,something,_,_,False,,"As the storm moved inland , flooding can continue for several days and all the water will flood river until it enters the Bay of Bengal .",Wiki1k:wikinews:844279:31:2_17
2206,Wiki1k:wikinews:844279:31:2,17,flood,when will something flood something?,until it enters the Bay of Bengal,19:26,flood,when,will,something,something,_,_,False,,"As the storm moved inland , flooding can continue for several days and all the water will flood river until it enters the Bay of Bengal .",Wiki1k:wikinews:844279:31:2_17
2242,Wiki1k:wikipedia:1164:62:0,1,learning,how did someone learn?,Deep learning,0:2,learn,how,did,someone,_,_,_,False,,"Deep learning often uses convolutional neural networks ( CNNs ) , whose origins can be traced back to the Neocognitron introduced by Kunihiko Fukushima in 1980 .",Wiki1k:wikipedia:1164:62:0_1
2244,Wiki1k:wikipedia:1164:62:0,1,learning,how did someone learn?,convolutional neural networks ( CNNs~!~whose origins can be traced back to the Neocognitron introduced by Kunihiko Fukushima in 1980,4:9~!~11:26,learn,how,did,someone,_,_,_,False,,"Deep learning often uses convolutional neural networks ( CNNs ) , whose origins can be traced back to the Neocognitron introduced by Kunihiko Fukushima in 1980 .",Wiki1k:wikipedia:1164:62:0_1
2360,Wiki1k:wikipedia:15924:21:0,7,incursion,who incurred somewhere?,Caesar,4:5,incurred,who,_,_,_,_,somewhere,False,,"In 55 BC , Caesar repelled an incursion into Gaul by two Germanic tribes , and followed it up by building a bridge across the Rhine and making a show of force in Germanic territory , before returning and dismantling the bridge .",Wiki1k:wikipedia:15924:21:0_7
2362,Wiki1k:wikipedia:15924:21:0,7,incursion,who incurred somewhere?,two Germanic tribes,11:14,incurred,who,_,_,_,_,somewhere,False,,"In 55 BC , Caesar repelled an incursion into Gaul by two Germanic tribes , and followed it up by building a bridge across the Rhine and making a show of force in Germanic territory , before returning and dismantling the bridge .",Wiki1k:wikipedia:15924:21:0_7
2412,Wiki1k:wikipedia:10401954:44:1,48,harm,who might harm someone?,parent~!~other caregiver,41:42~!~43:45,harm,who,might,_,someone,_,_,False,,"In the United States , the Centers for Disease Control and Prevention ( CDC ) and the Department for Children and Families ( DCF ) define child maltreatment as any act or series of acts of commission or omission by a parent or other caregiver that results in harm , potential for harm , or threat of harm to a child .",Wiki1k:wikipedia:10401954:44:1_48
2413,Wiki1k:wikipedia:10401954:44:1,48,harm,who might harm someone?,a child,59:61,harm,who,might,_,someone,_,_,False,,"In the United States , the Centers for Disease Control and Prevention ( CDC ) and the Department for Children and Families ( DCF ) define child maltreatment as any act or series of acts of commission or omission by a parent or other caregiver that results in harm , potential for harm , or threat of harm to a child .",Wiki1k:wikipedia:10401954:44:1_48
2415,Wiki1k:wikipedia:10401954:44:1,52,harm,who might harm someone?,other caregiver~!~parent,43:45~!~41:42,harm,who,might,_,someone,_,_,False,,"In the United States , the Centers for Disease Control and Prevention ( CDC ) and the Department for Children and Families ( DCF ) define child maltreatment as any act or series of acts of commission or omission by a parent or other caregiver that results in harm , potential for harm , or threat of harm to a child .",Wiki1k:wikipedia:10401954:44:1_52
2416,Wiki1k:wikipedia:10401954:44:1,52,harm,who might harm someone?,a child,59:61,harm,who,might,_,someone,_,_,False,,"In the United States , the Centers for Disease Control and Prevention ( CDC ) and the Department for Children and Families ( DCF ) define child maltreatment as any act or series of acts of commission or omission by a parent or other caregiver that results in harm , potential for harm , or threat of harm to a child .",Wiki1k:wikipedia:10401954:44:1_52
2420,Wiki1k:wikipedia:10401954:44:1,57,harm,who might harm someone?,a parent~!~other caregiver,40:42~!~43:45,harm,who,might,_,someone,_,_,False,,"In the United States , the Centers for Disease Control and Prevention ( CDC ) and the Department for Children and Families ( DCF ) define child maltreatment as any act or series of acts of commission or omission by a parent or other caregiver that results in harm , potential for harm , or threat of harm to a child .",Wiki1k:wikipedia:10401954:44:1_57
2421,Wiki1k:wikipedia:10401954:44:1,57,harm,who might harm someone?,a child,59:61,harm,who,might,_,someone,_,_,False,,"In the United States , the Centers for Disease Control and Prevention ( CDC ) and the Department for Children and Families ( DCF ) define child maltreatment as any act or series of acts of commission or omission by a parent or other caregiver that results in harm , potential for harm , or threat of harm to a child .",Wiki1k:wikipedia:10401954:44:1_57
2428,Wiki1k:wikipedia:10772350:24:0,26,mistakes,who mistook something?,Ibn Khaldun~!~the Arab historian,20:22~!~13:16,mistook,who,_,_,something,_,_,False,,"In the preface to his book , the Muqaddimah ( 1377 ) , the Arab historian and early sociologist , Ibn Khaldun , warned of seven mistakes that he thought that historians regularly committed .",Wiki1k:wikipedia:10772350:24:0_26
2430,Wiki1k:wikipedia:10772350:24:0,26,mistakes,who mistook something?,historians,31:32,mistook,who,_,_,something,_,_,False,,"In the preface to his book , the Muqaddimah ( 1377 ) , the Arab historian and early sociologist , Ibn Khaldun , warned of seven mistakes that he thought that historians regularly committed .",Wiki1k:wikipedia:10772350:24:0_26
2521,Wiki1k:wikinews:844279:23:2,27,evacuations,where didn't someone evacuate?,the United States,10:13,evacuate,where,didn't,someone,_,_,_,True,,One of the problems with the response to Katrina in the United States was that some residents in the vulnerable regions failed to heed the warnings and evacuations were not well coordinated .,Wiki1k:wikinews:844279:23:2_27
2523,Wiki1k:wikinews:844279:23:2,27,evacuations,where didn't someone evacuate?,vulnerable regions,19:21,evacuate,where,didn't,someone,_,_,_,True,,One of the problems with the response to Katrina in the United States was that some residents in the vulnerable regions failed to heed the warnings and evacuations were not well coordinated .,Wiki1k:wikinews:844279:23:2_27
2581,Wiki1k:wikinews:859181:3:0,17,evacuation,where was someone evacuated?,Schools in the Blue Mountains,0:5,evacuated,where,was,someone,_,_,_,False,,"Schools in the Blue Mountains were evacuated last night , with many residents seeking refuge at emergency evacuation centres around the area .",Wiki1k:wikinews:859181:3:0_17
2584,Wiki1k:wikinews:859181:3:0,17,evacuation,where was someone evacuated?,emergency evacuation centres,16:19,evacuated,where,was,someone,_,_,_,False,,"Schools in the Blue Mountains were evacuated last night , with many residents seeking refuge at emergency evacuation centres around the area .",Wiki1k:wikinews:859181:3:0_17
2585,Wiki1k:wikinews:859181:3:0,17,evacuation,where was someone evacuated?,around the area,19:22,evacuated,where,was,someone,_,_,_,False,,"Schools in the Blue Mountains were evacuated last night , with many residents seeking refuge at emergency evacuation centres around the area .",Wiki1k:wikinews:859181:3:0_17
2627,Wiki1k:wikinews:844279:23:1,18,intensity,how was something intensified?,cyclone intensity,17:19,intensified,how,was,something,_,_,_,False,,"The actual intensity of Phailin at landfall is still uncertain , because it is difficult to measure cyclone intensity accurately using only satellite information .",Wiki1k:wikinews:844279:23:1_18
2628,Wiki1k:wikinews:844279:23:1,18,intensity,how was something intensified?,using only satellite information,20:24,intensified,how,was,something,_,_,_,False,,"The actual intensity of Phailin at landfall is still uncertain , because it is difficult to measure cyclone intensity accurately using only satellite information .",Wiki1k:wikinews:844279:23:1_18
2764,Wiki1k:wikipedia:15924:48:2,32,successor,who succeeded someone?,Caesar,30:31,succeeded,who,_,_,someone,_,_,False,,"This process , of fusing the entire Roman Empire into a single unit , rather than maintaining it as a network of unequal principalities , would ultimately be completed by Caesar 's successor , the emperor Augustus .",Wiki1k:wikipedia:15924:48:2_32
2765,Wiki1k:wikipedia:15924:48:2,32,successor,who did someone succeed?,the emperor Augustus,34:37,succeed,who,did,someone,_,_,_,False,,"This process , of fusing the entire Roman Empire into a single unit , rather than maintaining it as a network of unequal principalities , would ultimately be completed by Caesar 's successor , the emperor Augustus .",Wiki1k:wikipedia:15924:48:2_32
2810,Wiki1k:wikipedia:21212:26:1,27,allies,who did someone ally with?,Italy~!~Hungary~!~subservient allies,13:14~!~15:16~!~26:28,ally,who,did,someone,_,with,_,False,,"A main goal was obtaining soldiers from the senior allies , such as Italy and Hungary , and millions of workers and ample food supplies from subservient allies such as Vichy France .",Wiki1k:wikipedia:21212:26:1_27
2812,Wiki1k:wikipedia:21212:26:1,27,allies,who did someone ally with?,Vichy France,30:32,ally,who,did,someone,_,with,_,False,,"A main goal was obtaining soldiers from the senior allies , such as Italy and Hungary , and millions of workers and ample food supplies from subservient allies such as Vichy France .",Wiki1k:wikipedia:21212:26:1_27
2813,Wiki1k:wikipedia:19568112:28:2,2,golf,how did someone golf?,A proper golf swing,0:4,golf,how,did,someone,_,_,_,False,,"A proper golf swing is a complex combination of motions , and slight variations in posture or positioning can make a great deal of difference in how well the ball is hit and how straight it travels .",Wiki1k:wikipedia:19568112:28:2_2
2814,Wiki1k:wikipedia:19568112:28:2,2,golf,how did someone golf?,a complex combination of motions,5:10,golf,how,did,someone,_,_,_,False,,"A proper golf swing is a complex combination of motions , and slight variations in posture or positioning can make a great deal of difference in how well the ball is hit and how straight it travels .",Wiki1k:wikipedia:19568112:28:2_2
3001,Wiki1k:wikipedia:17741:21:4,17,observation,where was something observed?,a meteorological observation site,15:19,observed,where,was,something,_,_,_,False,,"He conducted research into the behavior of kites in the upper atmosphere , experimenting at a meteorological observation site near Glossop .",Wiki1k:wikipedia:17741:21:4_17
3002,Wiki1k:wikipedia:17741:21:4,17,observation,where was something observed?,near Glossop,19:21,observed,where,was,something,_,_,_,False,,"He conducted research into the behavior of kites in the upper atmosphere , experimenting at a meteorological observation site near Glossop .",Wiki1k:wikipedia:17741:21:4_17
3052,Wiki1k:wikipedia:19579:3:1,10,shift,where did something shift?,towards the Atchafalaya River channel,11:16,shift,where,did,something,_,_,_,False,,"In recent years , the river has shown a steady shift towards the Atchafalaya River channel in the Delta ; a course change would be an economic disaster for the port city of New Orleans .",Wiki1k:wikipedia:19579:3:1_10
3053,Wiki1k:wikipedia:19579:3:1,10,shift,where did something shift?,in the Delta,16:19,shift,where,did,something,_,_,_,False,,"In recent years , the river has shown a steady shift towards the Atchafalaya River channel in the Delta ; a course change would be an economic disaster for the port city of New Orleans .",Wiki1k:wikipedia:19579:3:1_10
3059,Wiki1k:wikipedia:19579:3:1,22,change,where might something change?,the Atchafalaya River channel in the Delta,12:19,change,where,might,something,_,_,_,False,,"In recent years , the river has shown a steady shift towards the Atchafalaya River channel in the Delta ; a course change would be an economic disaster for the port city of New Orleans .",Wiki1k:wikipedia:19579:3:1_22
3061,Wiki1k:wikipedia:19579:3:1,22,change,where might something change?,the port city of New Orleans,29:35,change,where,might,something,_,_,_,False,,"In recent years , the river has shown a steady shift towards the Atchafalaya River channel in the Delta ; a course change would be an economic disaster for the port city of New Orleans .",Wiki1k:wikipedia:19579:3:1_22
3083,Wiki1k:wikipedia:16016:48:7,15,liberation,why won't someone liberate somewhere?,religion is practiced in lax and diluted form,5:13,liberate,why,won't,someone,_,_,somewhere,True,,"In this ara , though religion is practiced in lax and diluted form , no liberation is possible .",Wiki1k:wikipedia:16016:48:7_15
3084,Wiki1k:wikipedia:16016:48:7,15,liberation,why won't someone liberate somewhere?,no liberation is possible,14:18,liberate,why,won't,someone,_,_,somewhere,True,,"In this ara , though religion is practiced in lax and diluted form , no liberation is possible .",Wiki1k:wikipedia:16016:48:7_15
3101,Wiki1k:wikipedia:18985062:19:2,38,aid,what was aided?,the black hole information paradox,29:34,aided,what,was,_,_,_,_,False,,"Information does not cease to exist , it may only get scrambled beyond any possibility of retrieval ( within Information Theory , see lossy compression ; in Physics , the black hole information paradox gets solved with the aid of the holographic principle ) .",Wiki1k:wikipedia:18985062:19:2_38
3102,Wiki1k:wikipedia:18985062:19:2,38,aid,what was aided?,the holographic principle,40:43,aided,what,was,_,_,_,_,False,,"Information does not cease to exist , it may only get scrambled beyond any possibility of retrieval ( within Information Theory , see lossy compression ; in Physics , the black hole information paradox gets solved with the aid of the holographic principle ) .",Wiki1k:wikipedia:18985062:19:2_38
3250,Wiki1k:wikipedia:16016:85:1,9,work,who worked on something?,a Jain,11:13,worked,who,_,_,_,on,something,False,,The Tirukkuṛaḷ by Thiruvalluvar is considered to be the work of a Jain by scholars such as Ka .,Wiki1k:wikipedia:16016:85:1_9
3251,Wiki1k:wikipedia:16016:85:1,9,work,who worked on something?,scholars such as Ka,14:18,worked,who,_,_,_,on,something,False,,The Tirukkuṛaḷ by Thiruvalluvar is considered to be the work of a Jain by scholars such as Ka .,Wiki1k:wikipedia:16016:85:1_9
3281,Wiki1k:wikipedia:18985062:19:0,17,concern,what was concerned?,The information cycle,0:3,concerned,what,was,_,_,_,_,False,,"The information cycle ( addressed as a whole or in its distinct components ) is of great concern to Information Technology , Information Systems , as well as Information Science .",Wiki1k:wikipedia:18985062:19:0_17
3283,Wiki1k:wikipedia:18985062:19:0,17,concern,what was concerned?,"Information Technology, Information Systems, as well as Information Science",19:30,concerned,what,was,_,_,_,_,False,,"The information cycle ( addressed as a whole or in its distinct components ) is of great concern to Information Technology , Information Systems , as well as Information Science .",Wiki1k:wikipedia:18985062:19:0_17
3292,Wiki1k:wikipedia:17524:26:2,2,study,how was something studied?,scientific study,1:3,studied,how,was,something,_,_,_,False,,The scientific study of language was broadened from Indo-European to language in general by Wilhelm von Humboldt .,Wiki1k:wikipedia:17524:26:2_2
3294,Wiki1k:wikipedia:17524:26:2,2,study,how was something studied?,broadened from Indo-European to language in general,6:15,studied,how,was,something,_,_,_,False,,The scientific study of language was broadened from Indo-European to language in general by Wilhelm von Humboldt .,Wiki1k:wikipedia:17524:26:2_2
3301,Wiki1k:wikipedia:15924:79:0,23,source,what was sourced?,The texts written by Caesar,0:5,sourced,what,was,_,_,_,_,False,,"The texts written by Caesar , an autobiography of the most important events of his public life , are the most complete primary source for the reconstruction of his biography .",Wiki1k:wikipedia:15924:79:0_23
3303,Wiki1k:wikipedia:15924:79:0,23,source,what was sourced?,the reconstruction of his biography,25:30,sourced,what,was,_,_,_,_,False,,"The texts written by Caesar , an autobiography of the most important events of his public life , are the most complete primary source for the reconstruction of his biography .",Wiki1k:wikipedia:15924:79:0_23
3341,Wiki1k:wikipedia:19568112:31:3,4,style,how was something styled?,grip~!~putting style,1:2~!~3:5,styled,how,was,something,_,_,_,False,,This grip and putting style is known as `` conventional '' .,Wiki1k:wikipedia:19568112:31:3_4
3342,Wiki1k:wikipedia:19568112:31:3,4,style,how was something styled?,conventional,10:11,styled,how,was,something,_,_,_,False,,This grip and putting style is known as `` conventional '' .,Wiki1k:wikipedia:19568112:31:3_4
3350,Wiki1k:wikipedia:15924:48:2,32,successor,who succeeded someone?,Caesar,30:31,succeeded,who,_,_,someone,_,_,False,,"This process , of fusing the entire Roman Empire into a single unit , rather than maintaining it as a network of unequal principalities , would ultimately be completed by Caesar 's successor , the emperor Augustus .",Wiki1k:wikipedia:15924:48:2_32
3351,Wiki1k:wikipedia:15924:48:2,32,successor,who did someone succeed?,the emperor Augustus,34:37,succeed,who,did,someone,_,_,_,False,,"This process , of fusing the entire Roman Empire into a single unit , rather than maintaining it as a network of unequal principalities , would ultimately be completed by Caesar 's successor , the emperor Augustus .",Wiki1k:wikipedia:15924:48:2_32
3396,Wiki1k:wikipedia:16016:97:0,17,carvings,what was carving something?,Udayagiri~!~Khandagiri Caves,0:1~!~2:4,carving,what,was,_,something,_,_,False,,Udayagiri and Khandagiri Caves dates back to 2nd-1st century BCE are dedicated to Jainism are rich with carvings of Jain tirthanakars and deities with inscriptions including Hathigumpha inscription .,Wiki1k:wikipedia:16016:97:0_17
3398,Wiki1k:wikipedia:16016:97:0,17,carvings,what was carving something?,Jain tirthanakars~!~deities,19:21~!~22:23,carving,what,was,_,something,_,_,False,,Udayagiri and Khandagiri Caves dates back to 2nd-1st century BCE are dedicated to Jainism are rich with carvings of Jain tirthanakars and deities with inscriptions including Hathigumpha inscription .,Wiki1k:wikipedia:16016:97:0_17
3404,Wiki1k:wikipedia:21212:26:3,11,control,when did someone control something?,When a country was no longer dependable,0:7,control,when,did,someone,something,_,_,False,,"When a country was no longer dependable , Germany assumed full control , as it did with France in 1942 , Italy in 1943 , and Hungary in 1944 .",Wiki1k:wikipedia:21212:26:3_11
3407,Wiki1k:wikipedia:21212:26:3,11,control,when did someone control something?,1942,19:20,control,when,did,someone,something,_,_,False,,"When a country was no longer dependable , Germany assumed full control , as it did with France in 1942 , Italy in 1943 , and Hungary in 1944 .",Wiki1k:wikipedia:21212:26:3_11
3525,Wiki1k:wikipedia:26964606:96:0,5,education,how was someone educated?,secondary education,4:6,educated,how,was,someone,_,_,_,False,,"As in Germany , secondary education consists of two main types of schools , attendance at which is based on a pupil 's ability as determined by grades from the primary school .",Wiki1k:wikipedia:26964606:96:0_5
3526,Wiki1k:wikipedia:26964606:96:0,5,education,how was someone educated?,attendance at which is based on a pupil's ability as determined by grades from the primary school,14:32,educated,how,was,someone,_,_,_,False,,"As in Germany , secondary education consists of two main types of schools , attendance at which is based on a pupil 's ability as determined by grades from the primary school .",Wiki1k:wikipedia:26964606:96:0_5
3558,Wiki1k:wikipedia:2200527:108:3,19,term,how was something termed something?,ungovernable,16:17,termed,how,was,something,something,_,_,False,,"By 1985 , it had become the ANC 's aim to make black townships `` ungovernable '' ( a term later replaced by `` people 's power '' ) by means of rent boycotts and other militant action .",Wiki1k:wikipedia:2200527:108:3_19
3559,Wiki1k:wikipedia:2200527:108:3,19,term,how was something termed something?,by means of rent boycotts and other militant action,31:40,termed,how,was,something,something,_,_,False,,"By 1985 , it had become the ANC 's aim to make black townships `` ungovernable '' ( a term later replaced by `` people 's power '' ) by means of rent boycotts and other militant action .",Wiki1k:wikipedia:2200527:108:3_19
3584,Wiki1k:wikipedia:27709:12:3,3,processes,how is something processed?,Current mass production processes,0:4,processed,how,is,something,_,_,_,False,,Current mass production processes use crystal ingots between 100 and 300 mm ( 4 and 12 in ) in diameter which are grown as cylinders and sliced into wafers .,Wiki1k:wikipedia:27709:12:3_3
3586,Wiki1k:wikipedia:27709:12:3,3,processes,how is something processed?,between 100 and 300 mm ( 4 and 12 in ) in diameter,7:20,processed,how,is,something,_,_,_,False,,Current mass production processes use crystal ingots between 100 and 300 mm ( 4 and 12 in ) in diameter which are grown as cylinders and sliced into wafers .,Wiki1k:wikipedia:27709:12:3_3
3667,Wiki1k:wikipedia:2402:16:4,15,church,where did someone church?,Venice,1:2,church,where,did,someone,_,_,_,False,,In Venice he was given a valuable commission from the emigrant German community for the church of San Bartolomeo .,Wiki1k:wikipedia:2402:16:4_15
3669,Wiki1k:wikipedia:2402:16:4,15,church,where did someone church?,San Bartolomeo,17:19,church,where,did,someone,_,_,_,False,,In Venice he was given a valuable commission from the emigrant German community for the church of San Bartolomeo .,Wiki1k:wikipedia:2402:16:4_15
3678,Wiki1k:wikipedia:2402:37:0,24,expressions,how did someone express something?,graphic expressions,23:25,express,how,did,someone,something,_,_,False,,"In all his theoretical works , in order to communicate his theories in the German language rather than in Latin , Dürer used graphic expressions based on a vernacular , craftsmen 's language .",Wiki1k:wikipedia:2402:37:0_24
3679,Wiki1k:wikipedia:2402:37:0,24,expressions,how did someone express something?,"based on a vernacular, craftsmen's language",25:33,express,how,did,someone,something,_,_,False,,"In all his theoretical works , in order to communicate his theories in the German language rather than in Latin , Dürer used graphic expressions based on a vernacular , craftsmen 's language .",Wiki1k:wikipedia:2402:37:0_24
3752,Wiki1k:wikipedia:29778:17:0,8,patents,who patented something?,Edison,3:4,patented,who,_,_,something,_,_,False,,"Nearly all of Edison 's patents were utility patents , which were protected for a 17-year period and included inventions or processes that are electrical , mechanical , or chemical in nature .",Wiki1k:wikipedia:29778:17:0_8
3753,Wiki1k:wikipedia:29778:17:0,8,patents,what did someone patent?,utility patents,7:9,patent,what,did,someone,_,_,_,False,,"Nearly all of Edison 's patents were utility patents , which were protected for a 17-year period and included inventions or processes that are electrical , mechanical , or chemical in nature .",Wiki1k:wikipedia:29778:17:0_8
3763,Wiki1k:wikipedia:22208:42:1,24,reactions,what did something react to?,a target molecule,18:21,react,what,did,something,_,to,_,False,,"Organic synthesis of a novel compound is a problem solving task , where a synthesis is designed for a target molecule by selecting optimal reactions from optimal starting materials .",Wiki1k:wikipedia:22208:42:1_24
3765,Wiki1k:wikipedia:22208:42:1,24,reactions,what did something react to?,from optimal starting materials,25:29,react,what,did,something,_,to,_,False,,"Organic synthesis of a novel compound is a problem solving task , where a synthesis is designed for a target molecule by selecting optimal reactions from optimal starting materials .",Wiki1k:wikipedia:22208:42:1_24
3790,Wiki1k:wikipedia:27158894:32:1,1,research,how was something researched?,Preclinical research,0:2,researched,how,was,something,_,_,_,False,,"Preclinical research using a rodent model of cue exposure therapy ( CET ) show that this type of treatment is more effective in adults compared to adolescents , however that adolescent outcomes can be improved by acute treatment at the time of ( CET ) with a dopamine 2 receptor agonist .",Wiki1k:wikipedia:27158894:32:1_1
3791,Wiki1k:wikipedia:27158894:32:1,1,research,how was something researched?,"using a rodent model of cue exposure therapy ( CET ) show that this type of treatment is more effective in adults compared to adolescents, however that adolescent outcomes can be improved by acute treatment at the time of ( CET ) with a dopamine 2 receptor agonist",2:51,researched,how,was,something,_,_,_,False,,"Preclinical research using a rodent model of cue exposure therapy ( CET ) show that this type of treatment is more effective in adults compared to adolescents , however that adolescent outcomes can be improved by acute treatment at the time of ( CET ) with a dopamine 2 receptor agonist .",Wiki1k:wikipedia:27158894:32:1_1
3814,Wiki1k:wikipedia:2408:19:3,11,development,what was developed?,this field,2:4,developed,what,was,_,_,_,_,False,,"Recently , this field is rapidly progressing because of the rapid development of the computer and camera industries .",Wiki1k:wikipedia:2408:19:3_11
3816,Wiki1k:wikipedia:2408:19:3,11,development,what was developed?,computer and camera industries,14:18,developed,what,was,_,_,_,_,False,,"Recently , this field is rapidly progressing because of the rapid development of the computer and camera industries .",Wiki1k:wikipedia:2408:19:3_11
3934,Wiki1k:wikipedia:2200527:108:2,1,focus,what was something focusing on?,their leaders~!~the local authorities,13:15~!~9:12,focusing,what,was,something,_,on,_,False,,"The focus of much of this resistance was against the local authorities and their leaders , who were seen to be supporting the government .",Wiki1k:wikipedia:2200527:108:2_1
3935,Wiki1k:wikipedia:2200527:108:2,1,focus,what was something focusing on?,supporting the government,21:24,focusing,what,was,something,_,on,_,False,,"The focus of much of this resistance was against the local authorities and their leaders , who were seen to be supporting the government .",Wiki1k:wikipedia:2200527:108:2_1
3965,Wiki1k:wikipedia:2408:23:0,9,analysis,how is something analysed?,The method of standard addition is used,0:7,analysed,how,is,something,_,_,_,False,,"The method of standard addition is used in instrumental analysis to determine concentration of a substance ( analyte ) in an unknown sample by comparison to a set of samples of known concentration , similar to using a calibration curve .",Wiki1k:wikipedia:2408:23:0_9
3966,Wiki1k:wikipedia:2408:23:0,9,analysis,how is something analysed?,instrumental analysis,8:10,analysed,how,is,something,_,_,_,False,,"The method of standard addition is used in instrumental analysis to determine concentration of a substance ( analyte ) in an unknown sample by comparison to a set of samples of known concentration , similar to using a calibration curve .",Wiki1k:wikipedia:2408:23:0_9
3968,Wiki1k:wikipedia:2408:23:0,9,analysis,how is something analysed?,by comparison to a set of samples of known concentration,23:33,analysed,how,is,something,_,_,_,False,,"The method of standard addition is used in instrumental analysis to determine concentration of a substance ( analyte ) in an unknown sample by comparison to a set of samples of known concentration , similar to using a calibration curve .",Wiki1k:wikipedia:2408:23:0_9
4064,Wiki1k:wikipedia:26962:37:3,21,work,why does something work?,To emit electromagnetic waves,0:4,work,why,does,something,_,_,_,False,,"To emit electromagnetic waves , all you have to do is shake a charged particle , and this is clearly doing work , so that the emission is of energy .",Wiki1k:wikipedia:26962:37:3_21
4066,Wiki1k:wikipedia:26962:37:3,21,work,why does something work?,so that the emission is of energy,23:30,work,why,does,something,_,_,_,False,,"To emit electromagnetic waves , all you have to do is shake a charged particle , and this is clearly doing work , so that the emission is of energy .",Wiki1k:wikipedia:26962:37:3_21
4091,Wiki1k:wikipedia:2402:7:1,27,arrangement,when was something arranged?,7 July 1494,9:12,arranged,when,was,something,_,_,_,False,,"Very soon after his return to Nuremberg , on 7 July 1494 , at the age of 23 , Dürer was married to Agnes Frey following an arrangement made during his absence .",Wiki1k:wikipedia:2402:7:1_27
4093,Wiki1k:wikipedia:2402:7:1,27,arrangement,when was something arranged?,during his absence,29:32,arranged,when,was,something,_,_,_,False,,"Very soon after his return to Nuremberg , on 7 July 1494 , at the age of 23 , Dürer was married to Agnes Frey following an arrangement made during his absence .",Wiki1k:wikipedia:2402:7:1_27
4239,Wiki1k:wikipedia:3391396:79:8,18,completion,what was completed?,the new international airport,4:8,completed,what,was,_,_,_,_,False,,"Currently under construction , the new international airport will become the largest airport in the world upon the completion of all four stages of the project , with a capacity to serve 150 million passengers per year .",Wiki1k:wikipedia:3391396:79:8_18
4241,Wiki1k:wikipedia:3391396:79:8,18,completion,what was completed?,all four stages of the project,20:26,completed,what,was,_,_,_,_,False,,"Currently under construction , the new international airport will become the largest airport in the world upon the completion of all four stages of the project , with a capacity to serve 150 million passengers per year .",Wiki1k:wikipedia:3391396:79:8_18
4244,Wiki1k:wikipedia:5391:10:2,22,increase,what increases?,workers,17:18,increases,what,_,_,_,_,_,False,,"Discussing the benefits of proximity , Glaeser claims that if a city is doubled in size , workers get a ten percent increase in earnings .",Wiki1k:wikipedia:5391:10:2_22
4246,Wiki1k:wikipedia:5391:10:2,22,increase,what increases?,earnings,24:25,increases,what,_,_,_,_,_,False,,"Discussing the benefits of proximity , Glaeser claims that if a city is doubled in size , workers get a ten percent increase in earnings .",Wiki1k:wikipedia:5391:10:2_22
4311,Wiki1k:wikipedia:3391396:15:1,13,siege,where was someone siegeant?,the city,9:11,siegeant,where,was,someone,_,_,_,False,,"He urged the return of those who had fled the city during the siege , and resettled Muslims , Jews , and Christians from other parts of Anatolia .",Wiki1k:wikipedia:3391396:15:1_13
4314,Wiki1k:wikipedia:3391396:15:1,13,siege,where was someone siegeant?,other parts of Anatolia,24:28,siegeant,where,was,someone,_,_,_,False,,"He urged the return of those who had fled the city during the siege , and resettled Muslims , Jews , and Christians from other parts of Anatolia .",Wiki1k:wikipedia:3391396:15:1_13
4347,Wiki1k:wikipedia:37973:24:2,21,centre,where was something centred?,Chicago,17:18,centred,where,was,something,_,_,_,False,,"In 1931 , he received considerable support for his views on counter-cyclical public spending in Chicago , then America 's foremost centre for economic views alternative to the mainstream .",Wiki1k:wikipedia:37973:24:2_21
4348,Wiki1k:wikipedia:37973:24:2,21,centre,where was something centred?,America,20:21,centred,where,was,something,_,_,_,False,,"In 1931 , he received considerable support for his views on counter-cyclical public spending in Chicago , then America 's foremost centre for economic views alternative to the mainstream .",Wiki1k:wikipedia:37973:24:2_21
4373,Wiki1k:wikipedia:29778:41:0,25,motion,where did someone motion something?,public screenings,28:30,motion,where,did,someone,something,_,_,False,,"In April 1896 , Thomas Armat 's Vitascope , manufactured by the Edison factory and marketed in Edison 's name , was used to project motion pictures in public screenings in New York City .",Wiki1k:wikipedia:29778:41:0_25
4374,Wiki1k:wikipedia:29778:41:0,25,motion,where did someone motion something?,New York City,31:34,motion,where,did,someone,something,_,_,False,,"In April 1896 , Thomas Armat 's Vitascope , manufactured by the Edison factory and marketed in Edison 's name , was used to project motion pictures in public screenings in New York City .",Wiki1k:wikipedia:29778:41:0_25
4376,Wiki1k:wikipedia:29778:41:0,26,pictures,where was something pictured?,in public screenings,27:30,pictured,where,was,something,_,_,_,False,,"In April 1896 , Thomas Armat 's Vitascope , manufactured by the Edison factory and marketed in Edison 's name , was used to project motion pictures in public screenings in New York City .",Wiki1k:wikipedia:29778:41:0_26
4377,Wiki1k:wikipedia:29778:41:0,26,pictures,where was something pictured?,New York City,31:34,pictured,where,was,something,_,_,_,False,,"In April 1896 , Thomas Armat 's Vitascope , manufactured by the Edison factory and marketed in Edison 's name , was used to project motion pictures in public screenings in New York City .",Wiki1k:wikipedia:29778:41:0_26
4381,Wiki1k:wikipedia:29778:41:0,29,screenings,where was something screened?,public screenings,28:30,screened,where,was,something,_,_,_,False,,"In April 1896 , Thomas Armat 's Vitascope , manufactured by the Edison factory and marketed in Edison 's name , was used to project motion pictures in public screenings in New York City .",Wiki1k:wikipedia:29778:41:0_29
4382,Wiki1k:wikipedia:29778:41:0,29,screenings,where was something screened?,New York City,31:34,screened,where,was,something,_,_,_,False,,"In April 1896 , Thomas Armat 's Vitascope , manufactured by the Edison factory and marketed in Edison 's name , was used to project motion pictures in public screenings in New York City .",Wiki1k:wikipedia:29778:41:0_29
4394,Wiki1k:wikipedia:43079:57:0,6,feelings,who felt something?,oneself,10:11,felt,who,_,_,something,_,_,False,,"In a typical example , expressing feelings of happiness to oneself from Night 203 , Prince Qamar Al-Zaman , standing outside the castle , wants to inform Queen Bodour of his arrival .",Wiki1k:wikipedia:43079:57:0_6
4396,Wiki1k:wikipedia:43079:57:0,6,feelings,who felt something?,Prince Qamar Al-Zaman,15:20,felt,who,_,_,something,_,_,False,,"In a typical example , expressing feelings of happiness to oneself from Night 203 , Prince Qamar Al-Zaman , standing outside the castle , wants to inform Queen Bodour of his arrival .",Wiki1k:wikipedia:43079:57:0_6
4437,Wiki1k:wikipedia:5211:82:0,25,changes,what changed?,the Scientific revolution~!~Age of Enlightenment,18:21~!~14:17,changed,what,_,_,_,_,_,False,,"In the era known as the Great Divergence , when in the West the Age of Enlightenment and the Scientific revolution brought about great societal changes , Christianity was confronted with various forms of skepticism and with certain modern political ideologies such as versions of socialism and liberalism .",Wiki1k:wikipedia:5211:82:0_25
4438,Wiki1k:wikipedia:5211:82:0,25,changes,what changed?,societal,24:25,changed,what,_,_,_,_,_,False,,"In the era known as the Great Divergence , when in the West the Age of Enlightenment and the Scientific revolution brought about great societal changes , Christianity was confronted with various forms of skepticism and with certain modern political ideologies such as versions of socialism and liberalism .",Wiki1k:wikipedia:5211:82:0_25
4476,Wiki1k:wikipedia:43079:20:1,11,introduction,who introduced something?,Malcolm C. Lyons~!~Ursula Lyons,4:7~!~8:10,introduced,who,_,_,something,_,_,False,,It is translated by Malcolm C. Lyons and Ursula Lyons with introduction and annotations by Robert Irwin .,Wiki1k:wikipedia:43079:20:1_11
4477,Wiki1k:wikipedia:43079:20:1,11,introduction,who introduced something?,Robert Irwin,15:17,introduced,who,_,_,something,_,_,False,,It is translated by Malcolm C. Lyons and Ursula Lyons with introduction and annotations by Robert Irwin .,Wiki1k:wikipedia:43079:20:1_11
4490,Wiki1k:wikipedia:37973:49:2,16,standing,where did someone stand?,Bretton Woods negotiations,8:11,stand,where,did,someone,_,_,_,False,,"Keynes 's speech at the closing of the Bretton Woods negotiations was received with a lasting standing ovation , rare in international relations , as the delegates acknowledged the scale of his achievements made despite poor health .",Wiki1k:wikipedia:37973:49:2_16
4492,Wiki1k:wikipedia:37973:49:2,16,standing,where did someone stand?,in international relations,20:23,stand,where,did,someone,_,_,_,False,,"Keynes 's speech at the closing of the Bretton Woods negotiations was received with a lasting standing ovation , rare in international relations , as the delegates acknowledged the scale of his achievements made despite poor health .",Wiki1k:wikipedia:37973:49:2_16
4539,Wiki1k:wikipedia:29778:17:0,8,patents,who patented something?,Edison,3:4,patented,who,_,_,something,_,_,False,,"Nearly all of Edison 's patents were utility patents , which were protected for a 17-year period and included inventions or processes that are electrical , mechanical , or chemical in nature .",Wiki1k:wikipedia:29778:17:0_8
4540,Wiki1k:wikipedia:29778:17:0,8,patents,what did someone patent?,utility patents,7:9,patent,what,did,someone,_,_,_,False,,"Nearly all of Edison 's patents were utility patents , which were protected for a 17-year period and included inventions or processes that are electrical , mechanical , or chemical in nature .",Wiki1k:wikipedia:29778:17:0_8
4655,Wiki1k:wikipedia:5211:1:2,20,unity,who was united?,Jesus,5:6,united,who,was,_,_,_,_,False,,"The creeds further maintain that Jesus bodily ascended into heaven , where he reigns with God the Father in the unity of the Holy Spirit , and that he will return to judge the living and the dead and grant eternal life to his followers .",Wiki1k:wikipedia:5211:1:2_20
4657,Wiki1k:wikipedia:5211:1:2,20,unity,who was united?,the Holy Spirit,22:25,united,who,was,_,_,_,_,False,,"The creeds further maintain that Jesus bodily ascended into heaven , where he reigns with God the Father in the unity of the Holy Spirit , and that he will return to judge the living and the dead and grant eternal life to his followers .",Wiki1k:wikipedia:5211:1:2_20
4707,Wiki1k:wikipedia:5211:65:0,1,presence,where was something presented?,Africa,5:6,presented,where,was,something,_,_,_,False,,"The presence of Christianity in Africa began in the middle of the 1st century in Egypt , and by the end of the 2nd century in the region around Carthage .",Wiki1k:wikipedia:5211:65:0_1
4709,Wiki1k:wikipedia:5211:65:0,1,presence,where was something presented?,in the region around Carthage,25:30,presented,where,was,something,_,_,_,False,,"The presence of Christianity in Africa began in the middle of the 1st century in Egypt , and by the end of the 2nd century in the region around Carthage .",Wiki1k:wikipedia:5211:65:0_1
4819,Wiki1k:wikipedia:7299:57:3,10,employer,who might employ someone?,the servant,4:6,employ,who,might,_,someone,_,_,False,,"Under their contract , the servant would work for an employer for a term of at least a year , while the employer agreed to pay for the servant 's voyage to the colony , possibly pay for the return to the country of origin , and pay the employee a wage as well .",Wiki1k:wikipedia:7299:57:3_10
4820,Wiki1k:wikipedia:7299:57:3,10,employer,who might employ someone?,an employer,9:11,employ,who,might,_,someone,_,_,False,,"Under their contract , the servant would work for an employer for a term of at least a year , while the employer agreed to pay for the servant 's voyage to the colony , possibly pay for the return to the country of origin , and pay the employee a wage as well .",Wiki1k:wikipedia:7299:57:3_10
4851,Wiki1k:wikipedia:7299:45:1,9,discourse,how did someone discourse?,post-colonial fiction,2:6,discourse,how,did,someone,_,_,_,False,,"Writers of post-colonial fiction interact with the traditional colonial discourse , but modify or subvert it ; for instance by retelling a familiar story from the perspective of an oppressed minor character in the story .",Wiki1k:wikipedia:7299:45:1_9
4852,Wiki1k:wikipedia:7299:45:1,9,discourse,how did someone discourse?,the traditional colonial discourse,8:12,discourse,how,did,someone,_,_,_,False,,"Writers of post-colonial fiction interact with the traditional colonial discourse , but modify or subvert it ; for instance by retelling a familiar story from the perspective of an oppressed minor character in the story .",Wiki1k:wikipedia:7299:45:1_9
4989,Wiki1k:wikipedia:864:10:1,24,exhibition,where was something exhibited?,West Coast gallery,21:24,exhibited,where,was,something,_,_,_,False,,"He held exhibitions at the Hugo Gallery and the Bodley Gallery in New York City ; in California , his first West Coast gallery exhibition was on July 9 , 1962 , in the Ferus Gallery of Los Angeles .",Wiki1k:wikipedia:864:10:1_24
4991,Wiki1k:wikipedia:864:10:1,24,exhibition,where was something exhibited?,the Ferus Gallery of Los Angeles,33:39,exhibited,where,was,something,_,_,_,False,,"He held exhibitions at the Hugo Gallery and the Bodley Gallery in New York City ; in California , his first West Coast gallery exhibition was on July 9 , 1962 , in the Ferus Gallery of Los Angeles .",Wiki1k:wikipedia:864:10:1_24
5122,Wiki1k:wikipedia:7960202:49:0,30,peace,where was someone pacified?,Jerusalem,2:3,pacified,where,was,someone,_,_,_,False,,"Speaking in Jerusalem on 26 August 2008 , then United States Secretary of State Condoleezza Rice criticized Israel 's increased settlement construction in the West Bank as detrimental to the peace process .",Wiki1k:wikipedia:7960202:49:0_30
5125,Wiki1k:wikipedia:7960202:49:0,30,peace,where was someone pacified?,West Bank,24:26,pacified,where,was,someone,_,_,_,False,,"Speaking in Jerusalem on 26 August 2008 , then United States Secretary of State Condoleezza Rice criticized Israel 's increased settlement construction in the West Bank as detrimental to the peace process .",Wiki1k:wikipedia:7960202:49:0_30
5205,Wiki1k:wikipedia:77423:21:0,31,painting,who painted?,he~!~Juan de Pareja,1:2~!~13:16,painted,who,_,_,_,_,_,False,,"When he set out in 1649 , he was accompanied by his assistant Juan de Pareja who at this point in time was a slave and who had been trained in painting by Velázquez .",Wiki1k:wikipedia:77423:21:0_31
5206,Wiki1k:wikipedia:77423:21:0,31,painting,who painted?,Velázquez,33:34,painted,who,_,_,_,_,_,False,,"When he set out in 1649 , he was accompanied by his assistant Juan de Pareja who at this point in time was a slave and who had been trained in painting by Velázquez .",Wiki1k:wikipedia:77423:21:0_31
